pair_id,lang,condition,engine,variant,ok,error,cer,wer,substitutions,deletions,insertions,ref_len,hyp_len,time_s
ar-001,ar,clean,tesseract,raw,True,,0.0,0.0,0,0,0,115,115,0.3195
ar-001,ar,clean,tesseract,otsu,True,,0.0,0.0,0,0,0,115,115,0.6015
ar-001,ar,clean,tesseract,sauvola,True,,0.469565,2.571429,0,54,0,115,61,0.2209
ar-001,ar,clean,tesseract,auto,True,,0.0,0.0,0,0,0,115,115,0.617
ar-002,ar,shadow,tesseract,raw,True,,0.933333,5.764706,1,97,0,105,8,0.1213
ar-002,ar,shadow,tesseract,otsu,True,,0.990476,6.117647,5,99,0,105,6,0.1329
ar-002,ar,shadow,tesseract,sauvola,True,,0.514286,3.176471,0,54,0,105,51,0.3721
ar-002,ar,shadow,tesseract,auto,True,,0.514286,3.176471,0,54,0,105,51,0.3634
ar-003,ar,low_contrast,tesseract,raw,True,,0.009346,0.052632,1,0,0,107,107,0.2766
ar-003,ar,low_contrast,tesseract,otsu,True,,0.009346,0.052632,1,0,0,107,107,0.4358
ar-003,ar,low_contrast,tesseract,sauvola,True,,0.046729,0.263158,5,0,0,107,107,0.5654
ar-003,ar,low_contrast,tesseract,auto,True,,0.009346,0.052632,1,0,0,107,107,0.4884
ar-004,ar,noisy,tesseract,raw,True,,0.545455,3.0,3,63,0,121,58,0.4389
ar-004,ar,noisy,tesseract,otsu,True,,0.53719,2.954545,0,63,2,121,60,0.4106
ar-004,ar,noisy,tesseract,sauvola,True,,0.272727,1.5,26,4,3,121,120,0.7202
ar-004,ar,noisy,tesseract,auto,True,,0.53719,2.954545,0,63,2,121,60,0.4367
ar-005,ar,clean,tesseract,raw,True,,0.0,0.0,0,0,0,111,111,0.3204
ar-005,ar,clean,tesseract,otsu,True,,0.0,0.0,0,0,0,111,111,0.2874
ar-005,ar,clean,tesseract,sauvola,True,,0.0,0.0,0,0,0,111,111,0.3977
ar-005,ar,clean,tesseract,auto,True,,0.0,0.0,0,0,0,111,111,0.2938
ar-006,ar,shadow,tesseract,raw,True,,0.5,2.736842,0,52,0,104,52,0.2048
ar-006,ar,shadow,tesseract,otsu,True,,0.538462,2.947368,4,52,0,104,52,0.3632
ar-006,ar,shadow,tesseract,sauvola,True,,0.480769,2.631579,0,50,0,104,54,0.3791
ar-006,ar,shadow,tesseract,auto,True,,0.480769,2.631579,0,50,0,104,54,0.3761
ar-007,ar,low_contrast,tesseract,raw,True,,0.103448,0.642857,6,1,2,87,88,0.4404
ar-007,ar,low_contrast,tesseract,otsu,True,,0.0,0.0,0,0,0,87,87,0.2871
ar-007,ar,low_contrast,tesseract,sauvola,True,,0.0,0.0,0,0,0,87,87,0.2706
ar-007,ar,low_contrast,tesseract,auto,True,,0.0,0.0,0,0,0,87,87,0.2451
ar-008,ar,noisy,tesseract,raw,True,,0.677419,3.705882,1,62,0,93,31,0.2819
ar-008,ar,noisy,tesseract,otsu,True,,0.752688,4.117647,5,65,0,93,28,0.2556
ar-008,ar,noisy,tesseract,sauvola,True,,0.677419,3.705882,1,62,0,93,31,0.2262
ar-008,ar,noisy,tesseract,auto,True,,0.752688,4.117647,5,65,0,93,28,0.2615
ar-009,ar,clean,tesseract,raw,True,,0.0,0.0,0,0,0,97,97,0.4716
ar-009,ar,clean,tesseract,otsu,True,,0.0,0.0,0,0,0,97,97,0.2948
ar-009,ar,clean,tesseract,sauvola,True,,0.0,0.0,0,0,0,97,97,0.3892
ar-009,ar,clean,tesseract,auto,True,,0.0,0.0,0,0,0,97,97,0.3299
ar-010,ar,shadow,tesseract,raw,True,,1.0,6.666667,0,100,0,100,0,0.1037
ar-010,ar,shadow,tesseract,otsu,True,,1.0,6.666667,0,100,0,100,0,0.107
ar-010,ar,shadow,tesseract,sauvola,True,,0.5,3.333333,0,50,0,100,50,0.1632
ar-010,ar,shadow,tesseract,auto,True,,0.5,3.333333,0,50,0,100,50,0.1671
ar-011,ar,low_contrast,tesseract,raw,True,,0.011364,0.071429,1,0,0,88,88,0.44
ar-011,ar,low_contrast,tesseract,otsu,True,,0.011364,0.071429,1,0,0,88,88,0.2871
ar-011,ar,low_contrast,tesseract,sauvola,True,,0.011364,0.071429,1,0,0,88,88,0.2928
ar-011,ar,low_contrast,tesseract,auto,True,,0.011364,0.071429,1,0,0,88,88,0.2818
ar-012,ar,noisy,tesseract,raw,True,,0.609524,3.764706,1,63,0,105,42,0.3293
ar-012,ar,noisy,tesseract,otsu,True,,0.647619,4.0,3,65,0,105,40,0.2899
ar-012,ar,noisy,tesseract,sauvola,True,,0.07619,0.470588,5,2,1,105,104,0.5988
ar-012,ar,noisy,tesseract,auto,True,,0.647619,4.0,3,65,0,105,40,0.3193
ar-013,ar,clean,tesseract,raw,True,,1.0,4.947368,0,94,0,94,0,0.1054
ar-013,ar,clean,tesseract,otsu,True,,1.0,4.947368,0,94,0,94,0,0.0998
ar-013,ar,clean,tesseract,sauvola,True,,0.510638,2.526316,0,48,0,94,46,0.3455
ar-013,ar,clean,tesseract,auto,True,,1.0,4.947368,0,94,0,94,0,0.1096
ar-014,ar,shadow,tesseract,raw,True,,1.0,6.3125,0,101,0,101,0,0.1032
ar-014,ar,shadow,tesseract,otsu,True,,1.0,6.3125,0,101,0,101,0,0.0995
ar-014,ar,shadow,tesseract,sauvola,True,,0.029703,0.1875,3,0,0,101,101,0.3848
ar-014,ar,shadow,tesseract,auto,True,,0.029703,0.1875,3,0,0,101,101,0.3921
ar-015,ar,low_contrast,tesseract,raw,True,,0.531915,3.125,0,50,0,94,44,0.1722
ar-015,ar,low_contrast,tesseract,otsu,True,,0.531915,3.125,0,50,0,94,44,0.1655
ar-015,ar,low_contrast,tesseract,sauvola,True,,0.0,0.0,0,0,0,94,94,0.2675
ar-015,ar,low_contrast,tesseract,auto,True,,0.531915,3.125,0,50,0,94,44,0.1638
ar-016,ar,noisy,tesseract,raw,True,,1.0,5.785714,0,81,0,81,0,0.1221
ar-016,ar,noisy,tesseract,otsu,True,,1.0,5.785714,0,81,0,81,0,0.0993
ar-016,ar,noisy,tesseract,sauvola,True,,1.0,5.785714,0,81,0,81,0,0.0977
ar-016,ar,noisy,tesseract,auto,True,,1.0,5.785714,0,81,0,81,0,0.0996
ar-017,ar,clean,tesseract,raw,True,,0.569892,3.3125,0,53,0,93,40,0.1741
ar-017,ar,clean,tesseract,otsu,True,,0.569892,3.3125,0,53,0,93,40,0.1756
ar-017,ar,clean,tesseract,sauvola,True,,0.569892,3.3125,0,53,0,93,40,0.2264
ar-017,ar,clean,tesseract,auto,True,,0.569892,3.3125,0,53,0,93,40,0.1821
ar-018,ar,shadow,tesseract,raw,True,,0.6125,3.0625,4,45,0,80,35,0.2233
ar-018,ar,shadow,tesseract,otsu,True,,0.6375,3.1875,3,48,0,80,32,0.2915
ar-018,ar,shadow,tesseract,sauvola,True,,0.4375,2.1875,0,35,0,80,45,0.1802
ar-018,ar,shadow,tesseract,auto,True,,0.4375,2.1875,0,35,0,80,45,0.1811
ar-019,ar,low_contrast,tesseract,raw,True,,0.0,0.0,0,0,0,106,106,0.2769
ar-019,ar,low_contrast,tesseract,otsu,True,,0.0,0.0,0,0,0,106,106,0.2659
ar-019,ar,low_contrast,tesseract,sauvola,True,,0.0,0.0,0,0,0,106,106,0.2861
ar-019,ar,low_contrast,tesseract,auto,True,,0.0,0.0,0,0,0,106,106,0.2717
ar-020,ar,noisy,tesseract,raw,True,,0.227848,1.285714,14,0,4,79,83,0.419
ar-020,ar,noisy,tesseract,otsu,True,,0.278481,1.571429,20,0,2,79,81,0.4021
ar-020,ar,noisy,tesseract,sauvola,True,,0.544304,3.071429,1,39,3,79,43,0.2598
ar-020,ar,noisy,tesseract,auto,True,,0.278481,1.571429,20,0,2,79,81,0.4034
en-001,en,clean,tesseract,raw,True,,0.023438,0.157895,0,3,0,128,125,0.7545
en-001,en,clean,tesseract,otsu,True,,0.023438,0.157895,0,3,0,128,125,0.7693
en-001,en,clean,tesseract,sauvola,True,,0.023438,0.157895,0,3,0,128,125,0.7805
en-001,en,clean,tesseract,auto,True,,0.023438,0.157895,0,3,0,128,125,0.7228
en-002,en,shadow,tesseract,raw,True,,0.0,0.0,0,0,0,116,116,0.5195
en-002,en,shadow,tesseract,otsu,True,,0.0,0.0,0,0,0,116,116,0.5943
en-002,en,shadow,tesseract,sauvola,True,,0.0,0.0,0,0,0,116,116,0.516
en-002,en,shadow,tesseract,auto,True,,0.0,0.0,0,0,0,116,116,0.7029
en-003,en,low_contrast,tesseract,raw,True,,0.0,0.0,0,0,0,104,104,0.4721
en-003,en,low_contrast,tesseract,otsu,True,,0.0,0.0,0,0,0,104,104,0.4394
en-003,en,low_contrast,tesseract,sauvola,True,,0.0,0.0,0,0,0,104,104,0.4833
en-003,en,low_contrast,tesseract,auto,True,,0.0,0.0,0,0,0,104,104,0.503
en-004,en,noisy,tesseract,raw,True,,0.070796,0.444444,5,0,3,113,116,0.5635
en-004,en,noisy,tesseract,otsu,True,,0.053097,0.333333,4,0,2,113,115,0.5419
en-004,en,noisy,tesseract,sauvola,True,,0.070796,0.444444,5,0,3,113,116,0.5252
en-004,en,noisy,tesseract,auto,True,,0.053097,0.333333,4,0,2,113,115,0.5636
en-005,en,clean,tesseract,raw,True,,0.030303,0.210526,0,4,0,132,128,0.6996
en-005,en,clean,tesseract,otsu,True,,0.030303,0.210526,0,4,0,132,128,0.6287
en-005,en,clean,tesseract,sauvola,True,,0.030303,0.210526,0,4,0,132,128,0.6293
en-005,en,clean,tesseract,auto,True,,0.030303,0.210526,0,4,0,132,128,0.6116
en-006,en,shadow,tesseract,raw,True,,0.0,0.0,0,0,0,110,110,0.6153
en-006,en,shadow,tesseract,otsu,True,,0.0,0.0,0,0,0,110,110,0.5991
en-006,en,shadow,tesseract,sauvola,True,,0.0,0.0,0,0,0,110,110,0.594
en-006,en,shadow,tesseract,auto,True,,0.0,0.0,0,0,0,110,110,0.5738
en-007,en,low_contrast,tesseract,raw,True,,0.0,0.0,0,0,0,79,79,0.4599
en-007,en,low_contrast,tesseract,otsu,True,,0.0,0.0,0,0,0,79,79,0.4205
en-007,en,low_contrast,tesseract,sauvola,True,,0.0,0.0,0,0,0,79,79,0.435
en-007,en,low_contrast,tesseract,auto,True,,0.0,0.0,0,0,0,79,79,0.4542
en-008,en,noisy,tesseract,raw,True,,0.009346,0.0625,0,0,1,107,108,0.5853
en-008,en,noisy,tesseract,otsu,True,,0.009346,0.0625,0,0,1,107,108,0.5862
en-008,en,noisy,tesseract,sauvola,True,,0.0,0.0,0,0,0,107,107,0.5563
en-008,en,noisy,tesseract,auto,True,,0.009346,0.0625,0,0,1,107,108,0.5506
en-009,en,clean,tesseract,raw,True,,0.0,0.0,0,0,0,119,119,0.6077
en-009,en,clean,tesseract,otsu,True,,0.0,0.0,0,0,0,119,119,0.5764
en-009,en,clean,tesseract,sauvola,True,,0.0,0.0,0,0,0,119,119,0.5778
en-009,en,clean,tesseract,auto,True,,0.0,0.0,0,0,0,119,119,0.5876
en-010,en,shadow,tesseract,raw,True,,0.233333,1.833333,0,21,0,90,69,0.4728
en-010,en,shadow,tesseract,otsu,True,,0.255556,1.916667,1,22,0,90,68,0.4637
en-010,en,shadow,tesseract,sauvola,True,,0.0,0.0,0,0,0,90,90,0.4398
en-010,en,shadow,tesseract,auto,True,,0.0,0.0,0,0,0,90,90,0.3975
en-011,en,low_contrast,tesseract,raw,True,,0.038462,0.333333,0,4,0,104,100,0.6085
en-011,en,low_contrast,tesseract,otsu,True,,0.038462,0.333333,0,4,0,104,100,0.5478
en-011,en,low_contrast,tesseract,sauvola,True,,0.038462,0.333333,0,4,0,104,100,0.5915
en-011,en,low_contrast,tesseract,auto,True,,0.038462,0.333333,0,4,0,104,100,0.5699
en-012,en,noisy,tesseract,raw,True,,0.088,0.611111,8,3,0,125,122,0.9479
en-012,en,noisy,tesseract,otsu,True,,0.032,0.222222,3,1,0,125,124,0.7045
en-012,en,noisy,tesseract,sauvola,True,,0.032,0.222222,3,1,0,125,124,0.7295
en-012,en,noisy,tesseract,auto,True,,0.032,0.222222,3,1,0,125,124,0.7073
